{"cameraMode":{"drawMode":0,"name":"Shaded","section":"Shading Mode"},"sceneLighting":true,"audioPlay":false,"sceneViewState":{"showFog":true,"showMaterialUpdate":false,"showSkybox":true,"showFlares":true,"showImageEffects":true,"showParticleSystems":true},"in2DMode":false,"pivot":{"x":-0.06341552734375,"y":-0.02178955078125,"z":0.016845703125},"rotation":{"x":0.016045741736888887,"y":0.9691494107246399,"z":-0.06551390886306763,"w":0.23716577887535096},"size":0.3297785520553589,"orthographic":true}